scores,steps,milliseconds,stepsPerSecond
7161.388638,4799,11646.596431732178,412.0517121143394
