scores,steps,milliseconds,stepsPerSecond
6648.261202,4799,10324.158668518066,464.83206565139415
