scores,steps,milliseconds,stepsPerSecond
26.312164,50,118.5307502746582,421.83146469705565
