scores,steps,milliseconds,stepsPerSecond
6941.813364,4799,10453.022718429565,459.1016521507177
