scores,steps,milliseconds,stepsPerSecond
6964.485754,4799,11122.214555740356,431.4788188943143
