scores,steps,milliseconds,stepsPerSecond
6898.457466,4799,10839.515686035156,442.73195768171473
