scores,seconds,stepsPerSecond
3241.6278572560623,7.988463401794434,405.78865974749306
