scores,seconds,stepsPerSecond
6327.496593028307,8.672457695007324,729.6082397347415
