scores,seconds,stepsPerSecond
6853.506588250399,10.295006275177002,665.7117446130519
