scores,seconds,stepsPerSecond
2867.3633560119197,10.457622289657593,274.1888429884958
